{
  "configuration": "gamma",
  "domain": "ExDark_B0_Gamma",
  "images_root": "D:\\LOW_LIGHT\\DAT301-SU26\\datasets\\ExDark-YOLO\\images\\test",
  "labels_root": "D:\\LOW_LIGHT\\DAT301-SU26\\datasets\\ExDark-YOLO\\labels_visdrone_overlap\\test",
  "seed": 3407,
  "images": 2563,
  "protocol": {
    "image_size": 640,
    "confidence": 0.2,
    "nms_iou": 0.7,
    "small_area": 1024.0,
    "tiny_side": 16.0,
    "detector_route_threshold": null
  },
  "map50": 0.020403299803331817,
  "map50_95": 0.009768110227833365,
  "ap_small_50": 0.015038857936795763,
  "ap_small_50_95": 0.005239177593171876,
  "precision": 0.03526019137501638,
  "recall": 0.06762192056309703,
  "f1": 0.04635133970879641,
  "small_recall": 0.23414634146341465,
  "tiny_side_recall": 0.4482758620689655,
  "fp_per_image": 2.871634802965275,
  "class_wise_recall": {
    "0": 0.06621923937360179,
    "2": 0.0,
    "3": 0.1251360174102285,
    "8": 0.036585365853658534,
    "9": 0.0
  },
  "gate_rates": {
    "gamma": 1.0
  },
  "detector_route_rates": {
    "lowlight": 1.0
  }
}