{
  "engine": "D:\\LOW_LIGHT\\DAT301-SU26\\exports\\final_routed_seed3407\\tensorrt\\clean_b0.engine",
  "tensorrt": "11.1.0.106",
  "device": "NVIDIA GeForce RTX 4060 Laptop GPU",
  "warmup": 100,
  "iterations": 1000,
  "input_tensors": {
    "images": [
      1,
      3,
      640,
      640
    ]
  },
  "output_tensors": {
    "output0": [
      1,
      14,
      8400
    ]
  },
  "mean_ms": 2.148259936928749,
  "p50_ms": 2.032639980316162,
  "p95_ms": 2.849331188201903,
  "fps": 465.49301730666997
}