{
  "reference": "ONNX Runtime CPU FP16",
  "candidate": "TensorRT 11.1 FP16",
  "input_seed": 3407,
  "input_shape": [1, 3, 640, 640],
  "models": {
    "lowlight_p2": {
      "boxes_max_abs": 3.0,
      "boxes_p99_abs": 1.0,
      "boxes_p99_relative": 0.0316531,
      "scores_max_abs": 0.00011444092,
      "scores_p99_abs": 0.00000166893,
      "scores_p99_relative": 0.0016689299
    },
    "clean_b0": {
      "boxes_max_abs": 2.0,
      "boxes_p99_abs": 0.5,
      "boxes_p99_relative": 0.017323017,
      "scores_max_abs": 0.000018119812,
      "scores_p99_abs": 0.0000013113022,
      "scores_p99_relative": 0.0013113021
    }
  }
}
