{
  "configuration": "none",
  "domain": "ExDark_P2",
  "images_root": "D:\\LOW_LIGHT\\DAT301-SU26\\datasets\\ExDark-YOLO\\images\\test",
  "labels_root": "D:\\LOW_LIGHT\\DAT301-SU26\\datasets\\ExDark-YOLO\\labels_visdrone_overlap\\test",
  "seed": 3407,
  "images": 2563,
  "protocol": {
    "image_size": 640,
    "confidence": 0.2,
    "nms_iou": 0.7,
    "small_area": 1024.0,
    "tiny_side": 16.0,
    "detector_route_threshold": null
  },
  "map50": 0.011219938682753065,
  "map50_95": 0.005090634874642594,
  "ap_small_50": 0.0031708376257418257,
  "ap_small_50_95": 0.001042103878846358,
  "precision": 0.04863097670617082,
  "recall": 0.08974358974358974,
  "f1": 0.06307977736549165,
  "small_recall": 0.2731707317073171,
  "tiny_side_recall": 0.5517241379310345,
  "fp_per_image": 2.724931720639875,
  "class_wise_recall": {
    "0": 0.10067114093959731,
    "2": 0.0,
    "3": 0.13601741022850924,
    "8": 0.042682926829268296,
    "9": 0.0
  },
  "gate_rates": {
    "none": 1.0
  },
  "detector_route_rates": {
    "lowlight": 1.0
  }
}